name,count
policyalternatives.ca,444034290
greenparty.ca,197947995
liberal.ca,181663890
ndp.ca,40374162
westernblockparty.com,37341648
fairvotecanada.org,24307820
canadians.org,24101985
conservative.ca,16512937
egale.ca,15893857
blocquebecois.org,11357357
presentpourlequebec.org,8898334
davidsuzuki.org,7193157
canadiancrc.com,7084962
communist-party.ca,5075275
afn.ca,4404022
raisedeyebrow.com,3296756
pencilneck.net,3296756
cpcml.ca,2639174
secure.greenparty.ca,2569336
ccsd.ca,2213232
facebook.com,2149579
adobe.com,1963105
widgetbox.com,1919330
contact.greenparty.ca,1374092
ppforum.com,1361233
ridings.greenparty.ca,1154283
ppforum.ca,1119547
circonscriptions.partivert.ca,1011110
app.greenparty.ca,986340
equalvoice.ca,927626
HostItGreen.com,895866
validator.w3.org,861598
web.greenparty.ca,805669
partimarijuana.org,642188
gca.ca,588962
secure.bloc.org,520988
secure.conservative.ca,423913
victoryfund.ca,359647
calendarix.com,351846
ccla.org,344674
youth.ndp.ca,330436
canadianfreespeech.com,324770
npd.ca,311768
electjim.ca,278534
newcastlewaldorfschool.nsw.edu.au,268735
youtube.com,267029
partivert.ca,255558
canadianlandmine.org,253905
landval.gsfc.nasa.gov,242240
community.greenparty.ca,234787
blogue.presentpourlequebec.org,222338
mnq.qc.ca,217334
fairvote.ca,211478
fondsdelavictoire.ca,201023
canadianactionparty.ca,195269
phpbb.com,176441
del.icio.us,174068
webcalendar.sourceforge.net,164987
libertarian.ca,160672
nawl.ca,157829
go.microsoft.com,156808
digg.com,148887
socialist.ca,145870
coat.ncf.ca,139886
votepr.org,132755
nosharia.com,131989
demanddemocraticdebates.ca,116285
agoracosmopolite.com,115042
archives.blocquebecois.org,109927
web.partivert.ca,108003
mycampaign.conservative.ca,107012
marqui.com,95057
truecolorstour.com,88134
acp-cpa.ca,81981
canadafirst.net,80949
web.net,76548
equal-marriage.ca,76440
babelfish.altavista.com,71747
flickr.com,68460
thisisdion.ca,67687
thegreenshift.ca,66818
twitter.com,62188
216.197.97.97,60243
i.liberal.ca,59776
reddit.com,59386
conxity.com,59284
viarail.ca,58988
westcan.org,58556
myspace.com,58449
h3creative.com,57633
networksolutions.com,55220
scandalpedia.ca,55144
www2.parl.gc.ca,54967
harpernomics.ca,54528
climatesurvey.ca,52008
google.com,50009
parl.gc.ca,47458
cbc.ca,46318
translate.google.com,45866
youthunited.ndp.ca,45492
cam.org,45214
elections.ca,45186
cpcenergy.ca,42951
bushharper.ca,42900
stephanedion.ca,42096
letournantvert.ca,41326
myweb2.search.yahoo.com,40828
wegovern.ca,40459
heritagefront.com,40176
rightsofchildren.ca,39298
chp.ca,36987
ads.networksolutions.com,36822
www21.safesecureweb.com,36248
grandrivertoys.com,34204
stumbleupon.com,34151
thestar.com,33416
en.wikipedia.org,30567
blogsbycategory.com,30298
freedomsite.org,30049
hugg.com,29637
errors.zeus.com,28571
theglobeandmail.com,27818
jigsaw.w3.org,27256
bayteksystems.com,26270
canada.com,25406
entrust.net,24818
gateway1.ovid.com,23970
dnbweb1.blackbaud.com,23853
ledevoir.com,23538
sauvonskyoto.org,23390
worldsocialism.org,22280
main.greenparty.ca,21668
fjbq.org,21350
control.conservative.ca,19948
customersupport.networksolutions.com,18365
Westernblockparty.com,18365
canadians.inline.net,16361
geocities.com,14100
rd.yahoo.com,14044
edit.yahoo.com,13554
wwp.icq.com,13213
pm.gc.ca,12922
bloc.org,12743
gpc3.greenparty.ca,12268
nationalpost.com,12036
freedomparty.ca,11967
gettingtothegate.com,11954
mondopolitico.com,11911
search.web.ca,11626
populist.org,11346
canoe.ca,11214
homepower.com,11190
grist.org,10920
ridings.ndp.ca,10595
radio-canada.ca,10534
pogue.blogs.nytimes.com,10121
tinyurl.com,9677
wto.org,9671
news.bbc.co.uk,9659
xynapse.ca,9525
digital-copyright.ca,9439
rescomp.stanford.edu,9327
spreadfirefox.com,9252
my.opera.com,9252
asadismi.ws,9072
austlii.edu.au,8970
policyalternatives.org,8868
lena.ucsd.edu,8668
h-net.msu.edu,8646
azzeroco2.it,8544
fraserinstitute.org,8467
snaphosting.ca,8276
cmte.parl.gc.ca,8189
ctv.ca,8157
newyorker.com,8062
fin.gc.ca,7904
treehugger.com,7846
gristmill.grist.org,7628
ecojustice.ca,7319
rfr.rutgers.edu,7313
newscientist.com,7256
theclimategroup.org,7246
cs.uwf.edu,7059
macleans.ca,6949
nationalgeographic.com,6941
earth-policy.org,6927
worldchanging.com,6861
greenatworktoday.com,6861
sciam.com,6861
tranexp.com,6745
uc.org,6630
amazon.com,6556
quidnovis.net,6424
lexum.umontreal.ca,6264
ec.gc.ca,6035
cbr.med.harvard.edu,6024
lpco.ca,5992
blocpot.qc.ca,5956
apple.com,5948
dotearth.blogs.nytimes.com,5856
hc-sc.gc.ca,5680
rabble.ca,5673
na3.marqui.com,5639
openconcept.ca,5635
sinister-designs.com,5609
vch.ca,5580
polarisinstitute.org,5397
growinggap.ca,5358
blueplanetproject.net,5287
wiki.civicrm.org,5210
issues.civicrm.org,5209
civicrm.org,5209
affero.org,5209
voluntarysector.mb.ca,5208
libertarians.ca,5187
angus-reid.com,5178
unicef.org,5176
s8.invisionfree.com,5099
newgreeneconomy.com,5007
cfra.com,4971
cpawscalgary.org,4880
nytimes.com,4878
cnn.com,4812
apa.org,4669
lois.justice.gc.ca,4548
oitweb.princeton.edu,4548
nwlc-clfn.ca,4533
cboutique.ca,4527
povertyissues.org,4512
toronto.ca,4510
orangeroom.ca,4450
cnews.canoe.ca,4391
brymark.com,4387
acf.hhs.gov,4332
oee.nrcan.gc.ca,4276
plcq.ca,4256
peopleconnectionblog.com,4122
network.nationalpost.com,4105
christindal.ca,4092
bcrevolution.ca,4008
ntp1.kookiejar.net,4000
unfccc.int,3972
maestrocms.com,3968
twawareness.org,3954
macromedia.com,3940
cela.ca,3924
dental-insurance-and-plan.isgreat.org,3914
wcel.org,3887
bchydro.com,3853
microsoft.com,3850
greencommunitiescanada.org,3806
statcan.ca,3759
info.onu.edu.ua,3747
icewarm.com.au,3708
introchem.chem.okstate.edu,3708
coewww.rutgers.edu,3652
us.geocities.com,3616
ibts.edu.jm,3600
vibes.vic.edu,3600
mex.onu.edu.ua,3600
seteho.edu,3600
up.eepis-its.edu,3581
docsonline.wto.org,3579
pictoulobstercarnival.ca,3569
jubilee.ns.ca,3554
profitisnotthecure.ca,3547
townofpictou.com,3534
pvq.qc.ca,3511
ottawagreens.ca,3498
cal.rom.uga.edu,3382
ipcc.ch,3332
biology.lsa.umich.edu,3330
time.com,3297
cupe.ca,3292
greenup.on.ca,3256
medicare.ca,3256
soytoronto.org,3244
themis.geocities.yahoo.com,3214
mcdb.lsa.umich.edu,3213
naturechallenge.org,3202
laws.justice.gc.ca,3196
greenparty.pe.ca,3158
1qaz.biz,3156
sierraclub.ca,3142
extranet.liberal.ca,3094
pembina.org,3067
detroitriver.ca,3064
aux.mtu.edu,3060
webboard.freedomsite.org,3029
itsgettinghotinhere.org,3025
utrechtsebazaar.nl,3000
ambientesalute.org,3000
brandspot.at,2999
elboutoula.net,2999
medicosdescalzos.es,2999
guaira.pr.gov.br,2970
unhchr.ch,2967
notaleader.ca,2958
nl1404.policyalternatives.ca,2956
youth.greenparty.ca,2949
atkinsonfoundation.ca,2944
journal.eepis-its.edu,2934
hrw.org,2928
cbu.edu,2916
saferoutestoschool.ca,2912
list.web.net,2894
cfsontario.ca,2891
pridetoronto.com,2889
secure.ndp.ca,2883
torontoenvironment.org,2879
douglas-mcintyre.com,2874
photos.newswire.ca,2856
greenlivingshow.ca,2803
conservateur.ca,2777
resourceconservation.mb.ca,2772
slashdot.org,2705
dnd.ca,2700
ftcnet.com,2690
afp.com,2678
web.ca,2668
mothersandmore.org,2618
entrust.com,2601
bact.wisc.edu,2592
prepalatino.edu.mx,2568
collingwoodmusicfestival.com,2522
bsr.org,2506
canada.justice.gc.ca,2465
seachoice.org,2460
healthcoalition.ca,2432
canadaunderinvasion.com,2432
aidslaw.ca,2416
newsweek.com,2399
vortexsolution.com,2395
aabb.org,2392
abcnews.go.com,2392
news.therecord.com,2380
fafia-afai.org,2317
petitiononline.com,2315
climateactionnetwork.ca,2308
equiterre.qc.ca,2307
www3.sympatico.ca,2297
schkolyar.spb.edu.ru,2286
ylc-jlc.ca,2281
stephenlafrenie.blogspot.com,2268
apc-cpa.ca,2259
gasgouge.ca,2258
dailymotion.com,2252
slc-cal.ca,2245
codingforums.com,2209
agorabookcafe.com,2208
windfallcentre.ca,2203
clean.ns.ca,2187
physmath.bmstu.ru,2187
banterminator.org,2184
genesmedia.com,2142
commons.wikimedia.org,2136
caw.ca,2135
unepfi.org,2130
terrachoice.com,2125
radio4all.net,2118
votecarr.ca,2109
assembly.pe.ca,2104
thetyee.ca,2100
washingtontimes.com,2092
gitara.co.yu,2088
workingtv.com,2086
cyberpresse.ca,2083
lpcbc.com,2072
mailman.freedomsite.org,2072
mappoint.msn.com,2046
gov.nt.ca,2034
world-psi.org,2019
fusionbooks.org,2000
gsj.org,1998
thecityreview.com,1989
xfer.ndp.ca,1989
goodsforgreens.myshopify.com,1982
latimes.com,1976
ceasefire.ca,1967
hdr.undp.org,1955
citynews.ca,1947
blog.macleans.ca,1944
ntgc.ca,1943
kairoscanada.org,1899
beyondfactoryfarming.org,1891
wcfu.com,1863
costshift.ca,1855
psepc.gc.ca,1848
trinityspadinagreens.ca,1847
agoracosmopolitan.com,1828
cppib.ca,1824
nupge.ca,1806
energysavingtrust.org.uk,1794
greenpeace.ca,1792
marijuanaparty.ca,1783
evolvefestival.com,1773
citygreen.ca,1759
canadianrainforests.org,1759
surveymonkey.com,1749
ipsos-na.com,1733
unaids.org,1730
accessmed-msf.org,1730
shell.ca,1723
readbythesea.ca,1720
ecee.on.ca,1714
fraserinstitute.ca,1698
winnipegfreepress.com,1691
commonfrontiers.ca,1675
http,1672
bathurstsustainabledevelopment.com,1672
socialjustice.org,1670
flora.org,1667
members.aol.com,1663
fossil.energy.gov,1656
julienlamarche.ca,1653
planetfriendly.net,1647
orangenet.org,1642
millenniumassessment.org,1637
arc-international.net,1634
quality.alquds.edu,1629
liberalalberta.ca,1624
greenerpolitics.com,1610
geordieland.ca,1607
plancanada.com,1592
galebc.org,1558
maritamoll.ca,1549
ualberta.ca,1546
dfait-maeci.gc.ca,1535
canadianlandmine.blogspot.com,1519
adhoc25.org,1518
renoufbooks.com,1516
pch.gc.ca,1509
boeing.com,1500
arenadannero.se,1500
milecastle.co.uk,1499
abcorneliussen.no,1499
fahrlehrer24.ch,1499
butterfliesandwheels.com,1488
ottawavaniergreens.ca,1484
wwf.ca,1474
friendfeed.com,1473
crossdraw.com,1472
osgreens.ca,1464
openingthebook.com,1464
labourrights.ca,1459
egh.gca.ca,1453
souverainete.info,1445
tvo.org,1431
VoteGrice.com,1426
rightlivelihood.org,1424
laidlawfdn.org,1417
fcm.ca,1410
lpsa.arl.arizona.edu,1410
equiterre.org,1409
nl1389.policyalternatives.ca,1398
psac.com,1390
canoe.com,1387
paktranslations.com,1349
citcat.com,1349
traduku.net,1349
xixona.dlsi.ua.es,1349
foxlingo.com,1349
budget.gc.ca,1336
wordpress.com,1335
sedoparking.com,1329
michaelgeist.ca,1315
www1.iata.org,1296
campaign2000.ca,1275
PetitionOnline.com,1262
cyberclass.net,1250
ctf-fce.ca,1250
torontogreen.ca,1248
ted.com,1247
canlii.org,1243
groups.yahoo.com,1241
cssdrive.com,1238
ucsusa.org,1236
env.gov.bc.ca,1235
accessola.com,1224
sustain.web.ca,1222
conservationcorps.nf.ca,1217
forces.gc.ca,1215
greenestcity.org,1214
law.miami.edu,1208
greensaver.org,1208
slam.canoe.ca,1206
citizen.org,1202
sitetrafficstats.com,1200
sierralegal.org,1187
warrenkinsella.com,1180
nl1671.policyalternatives.ca,1175
nl1672.policyalternatives.ca,1175
jasoncherniak.blogspot.com,1170
lynnecw.francofun.ca,1162
us.rd.yahoo.com,1162
osezvouslancer.com,1158
greenventure.ca,1157
canadianlabour.ca,1154
personales.com,1152
best.wdia.com,1152
medicalmanagement.ag,1152
mitglied.lycos.de,1152
ainc-inac.gc.ca,1150
edmontonjournal.com,1148
latvian-holocaust.com,1148
cep.ca,1147
thestatesman.net,1146
now.org,1134
ic.gc.ca,1130
chra-achru.ca,1128
acf.dhhs.gov,1122
wecansolveit.org,1118
javascriptkit.com,1115
greencameron.blogspot.com,1113
impacs.org,1109
eere.energy.gov,1108
attorneygeneral.jus.gov.on.ca,1108
mimeguy.com,1107
nl1106.policyalternatives.ca,1102
ottawacitizen.com,1096
gov.ns.ca,1094
citizensbudgetcommission.ca,1093
fathers.ca,1090
wellaware.ca,1084
environment.newscientist.com,1077
thecanadianpress.com,1074
gpo.ca,1069
acme-eau.com,1056
irq.qc.ca,1054
est.org.uk,1052
rco.on.ca,1046
earthtimes.org,1044
dir.blogflux.com,1044
cic.gc.ca,1041
fetenationale.qc.ca,1041
1000dinners.com,1041
accentbleu.com,1040
solsticedesnations.com,1040
ccic.ca,1038
acapcb.ns.ca,1032
media.conservative.ca,1027
cleancalgary.org,1024
crocusdesign.ca,997
mariageegal.ca,992
who.int,986
greenpeace.org,985
voteformmp.ca,985
artofbeinggreen.ca,984
sierraclub.org,982
anfd.ca,974
travel.canoe.ca,974
davidorchard.com,974
maestrocms.net,972
cp.org,969
briansprediction.com,968
destinationwinnipeg.ca,964
webhosting.yahoo.com,963
envirocentre.ca,956
investcan.ic.gc.ca,943
newswire.ca,943
ncf.ca,943
erg.environics.net,942
jnarvey.com,939
conservationcouncil.ca,938
globalwarming.house.gov,938
earthday.ca,937
un.org,937
kelloggs.fr,936
climate.pembina.org,935
torontosun.com,933
law.utoronto.ca,930
mises.org,929
nikonthenumbers.com,929
equalityrights.org,928
thechronicleherald.ca,924
charityvillage.com,923
IntegrateThis.ca,917
reepwaterlooregion.ca,914
blogger.com,914
ecosuperior.com,913
monplanvert.com,909
friends.ca,904
epa.gov,896
vigile.net,896
amnesty.ca,889
vancouversun.com,885
charlesadler.com,879
uni-bamberg.de,876
sierraclub.bc.ca,875
cmhc-schl.gc.ca,873
fightingforyou.ca,872
climatechange.gc.ca,872
blog.greenparty.ca,869
lifewise.canoe.ca,866
chealth.canoe.ca,864
housing.mtu.edu,864
nl1203.policyalternatives.ca,863
elp.gov.bc.ca,862
usatoday.com,861
jabber.org,856
cecilegladel.blogspot.com,848
nfu.ca,846
mozilla.com,844
liberalpartyofcanada-mb.ca,840
saskliberal.ca,840
canada.gc.ca,838
crcp.mit.edu,837
paulgrignon.netfirms.com,832
e-gold.com,824
perthmint.com.au,824
goldfingercoin.com,824
gold-eagle.com,824
www2.e-bullion.com,824
bulliondirect.com,824
music2hues.com,822
farmersforjustice.com,821
commondreams.org,820
lfpress.ca,818
pollutionprobe.org,818
rockridgeinstitute.org,813
escapefromsuburbia.com,812
isn.net,810
na2.marqui.com,809
istendency.net,809
dangrice.com,808
interflora.se,806
cleannorth.org,805
scfp.ca,800
sen.parl.gc.ca,795
autonet.ca,790
infrastructure.gc.ca,790
vdare.com,786
goforgreen.ca,784
home.ican.net,782
dfo-mpo.gc.ca,782
freedomdomain.com,782
evms.edu,780
mycanada.agoracosmopolitan.com,774
fas.org,774
vshiva.net,773
marijuanaparty.org,772
www40.statcan.ca,770
cglg.org,769
donate.ndp.ca,767
lycaeum.org,766
prisonplanet.com,764
webinfo.parl.gc.ca,762
fr.wikipedia.org,760
hofstra.edu,760
climatetrust.org,760
energy.gov,752
rideauenvironmentalactionleague.org,752
pi.energy.gov,748
canadianpress.google.com,744
environmentnetwork.org,743
pbs.org,741
severnsound.ca,737
tbsource.com,735
inbox-ads.com,730
64.233.187.104,729
napo-onap.ca,729
davidmcguinty.com,724
OurGreenParty.com,722
salmonopolis.ca,717
ivoted.greenparty.ca,717
bcquits.com,716
ucobserver.org,716
mbayaq.org,715
rememberingourdead.org,713
crwflags.com,712
reportonbusiness.com,712
greenventure.on.ca,707
cnw.ca,706
thirdworldtraveler.com,702
news.gc.ca,701
nl1430.policyalternatives.ca,694
ruralrevolution.com,693
etcgroup.org,692
lubicon.ca,692
icad-cisd.com,692
trca.on.ca,691
telequebec.tv,690
ecoperth.on.ca,690
silvafor.org,690
soop.ca,688
georgiastrait.org,686
rickeastland.com,685
ccpamb.wordpress.com,682
fftimes.com,682
nl1339.policyalternatives.ca,678
wlapwww.gov.bc.ca,677
earthday.net,675
tc.gc.ca,674
liberal.ns.ca,672
www12.statcan.ca,670
nl1311.policyalternatives.ca,667
glennsacks.com,662
citizensassembly.gov.on.ca,657
narcosphere.narconews.com,656
compucorps.org,654
gm2008.greenparty.ca,653
vivelecanada.ca,651
canadianheritagealliance.com,649
ap.org,648
amazon.ca,644
foecanada.org,642
anticorruption.ca,642
cmi-gold-silver.com.,642
reibc.org,640
best.bc.ca,639
vibride.com,638
globalexchange.org,638
rfausa.com,637
acthum.net,636
bcsea.org,636
thealliancefordemocracy.org,636
nl1549.policyalternatives.ca,634
sciencemag.org,634
canadiangeographic.ca,628
bygeorgeware.com,626
statcounter.com,621
vsi-isbc.ca,620
ticketmaster.ca,618
nblib.nb.ca,616
ecoaction.gc.ca,614
c2p2online.com,614
lifesite.net,610
autoasis.ca,607
newsletter.greenparty.ca,605
ontario-sea.org,604
discussions.csbsju.edu,600
images.google.ca,600
assnat.qc.ca,593
worldrecordwalk.ca,593
wd.gc.ca,590
garth.ca,590
realvidreams.com,589
marpac.dnd.ca,588
guardian.co.uk,585
cerc04.org,584
npd.qc.ca,583
elizabethmay.ca,583
jam.canoe.ca,582
cra-arc.gc.ca,580
sft-ddt.gc.ca,579
elections.govt.nz,576
ican-ncfr.org,576
web.uvic.ca,576
911civilinfo.blogspot.com,576
newenergychoices.org,574
pharma.wdia.com,571
faa-lfi.gc.ca,566
fpva.org.mx,564
pcparty.org,564
hamiltonspectator.com,563
climatenetwork.org,562
signs-of-the-times.org,560
objector.org,560
bernardbarre.ca,558
studio360.org,557
aea.nt.ca,557
nqr.farmonline.com.au,556
gillesduguay.ca,556
thehilltimes.ca,554
proudtobecanadian.ca,552
calgaryherald.com,550
walrusmagazine.com,549
mnp.nl,546
70.84.33.210,545
creative-services.biz,545
prisonplanet.tv,545
books-on-history.com,545
survivalistskills.com,545
electionsmanitoba.ca,544
absoluteastronomy.com,544
ecosource.ca,543
hrdc-drhc.gc.ca,543
lindenschool.ca,540
yahoo.com,539
challengingthecommonplace.blogspot.com,539
anxietyculture.com,538
e-laws.gov.on.ca,536
animalvoices.org,536
privcom.gc.ca,533
cwb.ca,533
cmaj.ca,533
infosource.gc.ca,533
calgarypubliclibrary.com,532
specialprojects.nos.noaa.gov,532
canadastudentdebt.ca,532
nl1669.policyalternatives.ca,530
ene.gov.on.ca,528
flora.ca,527
cicnet.ci.gc.ca,527
amnesty-usa.org,527
expressoutremont.com,527
globalmarch.org,527
libertarian.on.ca,526
sustain-ability.ca,524
video.google.ca,521
ipu.org,518
lastmilegear.com,518
magomania.com,517
energystar.gov,516
cirp.org,516
chektv.com,512
download.greenparty.ca,508
SustainWellBeing.net,502
cbsm.com,500
sacsc.ca,500
courts.gov.bc.ca,500
ivc.ca,498
hngreens.ca,498
w1.buysub.com,497
canadainfolink.ca,497
farmedanddangerous.org,496
sesresearch.com,496
cpa.ca,496
care2.com,491
hearthmakers.org,491
a836.g.akamai.net,490
hm-treasury.gov.uk,489
panda.org,489
gov.bc.ca,485
devp.org,484
NA3.marqui.com,484
lp.greenparty.ca,484
nben.ca,483
tribil.com,483
webcom.com,483
www3.telus.net,483
ecologyaction.ca,481
zegeniestudios.net,480
geoffmerrett.co.uk,480
hbb-hosting.com,480
pshop.no,480
maxim-norge.no,480
brockportstylus.com,480
oemlasers.com,480
farmkidvid.com,480
aarw.org,480
ledigjobb.no,480
prairieportfestival.com,480
seeingbetterireland.org,480
vanbrokeruk.co.uk,480
patrimoinecanadien.gc.ca,476
bourque.com,475
babelfish.altavista.digital.com,475
us.ard.yahoo.com,472
feeds.feedburner.com,471
swc-cfc.gc.ca,470
celsias.com,468
friendsofmedicare.ab.ca,465
irsr-rqpi.gc.ca,464
apex.gc.ca,464
publiccitizen.org,464
phac-aspc.gc.ca,463
sacredbalance.com,463
news.utoronto.ca,462
state.gov,461
cool-companies.org,461
strategis.ic.gc.ca,460
coat.openconcept.ca,459
muttart.org,458
environmentaldefence.ca,456
rosemary-thompson.electionblog.ctv.ca,456
real.com,453
profile.myspace.com,451
nhlpa.com,450
liberal.nf.net,448
stevejanke.com,448
gov.mb.ca,448
drupal.org,448
oxfaminternational.wordpress.com,448
immi.gov.au,448
unitednorthamerica.org,446
mrouse.com,446
prevention.gc.ca,445
faith-commongood.net,444
incd.net,442
cancun.mediosindependientes.org,442
canadawantsthetruth911.blogspot.com,441
multimania.lycos.fr,441
cen-rce.org,440
stephanebourgon.ca,438
nature.ca,435
nb.cbc.ca,435
ifg.org,435
gov.ab.ca,435
international.gc.ca,434
members.tripod.com,434
speciesatrisk.gc.ca,433
globesports.com,433
exclusivelyequine.com,432
childrenfirstnow.com,432
spaces.msn.com,429
tommydouglas.ca,428
spinproject.org,428
greentagsusa.org,428
hwcn.org,428
nursesunions.ca,428
savemedicare.com,428
twnside.org.sg,428
necessaryvoices.org,428
www2.bloc.org,427
earthisland.org,426
corpwatch.org,426
challenge.bfi.org,426
research.cibcwm.com,426
genderandtrade.net,426
ftaa-alca.org,426
walnet.org,425
maherarar.ca,425
repeal43.org,423
ploughshares.ca,422
new.facebook.com,421
childcareadvocacy.ca,421
fallsbrookcentre.ca,420
dragvollportalen.no,420
financialpost.com,420
smartgrowth.bc.ca,416
haywired.com,416
globalgreens.org.br,415
cybermenace.blogspot.com,413
windsofchange.net,413
angrygwn.blogspot.com,413
zundelsite.org,413
instapundit.com,413
hrsdc.gc.ca,412
ottawariverinstitute.ca,412
wrwcanada.com,411
womenspost.ca,410
canadiangenocide.nativeweb.org,410
collectionscanada.ca,408
timminschamber.on.ca,407
cafe.canadafirst.net,406
greenroofs.org,405
republicofalberta.com,404
planetair.ca,404
lewrockwell.com,404
separationpartyofalberta.com,404
spiritone.com,403
motherjones.com,402
straight.com,401
kevinsgreenpartyblog.blogharbor.com,400
duncanmp.com,398
unfcccbali.com,396
trilliumfoundation.org,396
denislebel.ca,396
nrdc.org,391
usuryfree.net,391
thirdmarket.net,391
pubs.branchez-vous.com,390
worldwaterday.org,390
cgi.bowesonline.com,390
michaeljournal.org,386
itbusiness.ca,385
mozilla-europe.org,384
creativecommons.org,384
legis.gov.bc.ca,383
cfs-fcee.ca,382
pubs.wri.org,380
promisekeepers.org,378
72.14.207.104,378
codegreen.tv,378
operationrescue.org,378
planetout.com,378
upmunc.org,378
harperstiestousa.org,378
reg.dailycamera.com,378
promisekeepers.ca,378
umn.edu,378
oecd.org,376
ago.mobile.globeandmail.com,376
lakeladies.ca,374
intersex-awareness-day.org,372
news.guelphmercury.com,372
electionprediction.org,372
isna.org,372
writeimage.ca,372
thetaskforce.org,372
worldsikh.org,372
voxveritas.org,372
pubs.lemonde.fr,372
index.forces.gc.ca,372
mef.qc.ca,372
christianweek.org,372
mapquest.com,372
cupw.ca,372
biresource.org,372
safewatergroup.org,372
bitheway.org,372
bisexual.org,372
insomniacpress.com,372
cba.org,372
allthingsbi.com,372
torontobinet.org,372
chapters.indigo.ca,372
conservativelife.com,370
election.rabble.ca,370
acq.osd.mil,368
nativeenergy.com,368
search.toronto.ca,368
livingoceans.org,367
hubbers.ca,366
oilfreecoast.org,365
paulgraham.com,364
psychcentral.com,364
kiddofspeed.com,364
catherinebellmp.ca,364
canski.org,364
hybridcar.com,364
suicideinfo.ca,363
michaelpollan.com,360
isis.artcenter.edu,360
americacast.ezstream.com,360
conferenceboard.ca,360
fueleconomy.gov,360
eya.ca,360
icj-cij.org,360
home.eol.ca,358
royal.gov.uk,358
bbc.guelph.org,356
canadians-london.org,356
orphanvoters.ca,351
denieuweomroep.nl,350
alegoo.com,350
hoa.gov.nl.ca,347
ccrweb.ca,347
environmentvoters.org,347
electionsontario.on.ca,347
worldwatercouncil.org,347
worldwaterforum.org,347
gov.yk.ca,347
assembly.nu.ca,347
legassembly.sk.ca,347
ijc.org,347
fpnpoc.ca,347
app.infoaa.7700.gnb.ca,347
assembly.ab.ca,347
wikimediafoundation.org,347
universalchildcare.ca,346
pdf.thelancet.com,346
massiveeffort.org,346
americaspolicy.org,346
lists.essential.org,346
fpif.org,346
globaltreatmentaccess.org,346
phmovement.org,346
accessmedmsf.org,346
design.greenparty.ca,346
msf.org,346
aidspan.org,346
policayalternatives.ca,345
minesactioncanada.org,345
maquilasolidarity.org,345
halifaxinitiative.org,345
osstf.on.ca,345
centerforfoodsafety.org,345
worldsocialforum.org,345
media.liberal.ca,345
bctf.bc.ca,345
wtoaction.org,344
miningwatch.ca,344
decisions.fct-cf.gc.ca,344
dfaitmaeci.gc.ca,344
mnr.gov.on.ca,344
papers.ssrn.com,344
canadaeast.com,342
queenofgreen.ca,342
frontpagemag.com,342
cape.ca,340
canadians-montreal.org,339
stormfront.org,338
energiepcc.ca,338
ohchr.org,336
environmentaldefense.org,332
spec.bc.ca,331
193.194.138.190,330
ecre.org,330
homepagez.com,327
homeandgarden.canoe.ca,324
cullbridge.com,322
environmentalindicators.com,322
tdctrade.com,321
britannica.com,321
prax.ca,321
naturalstep.ca,320
gcreativestudios.com,320
cleanairalliance.org,320
theweathermakers.ca,319
sarahharmer.com,316
gdcanada.com,315
yosemite.epa.gov,313
edmontonsun.com,313
mec.ca,310
powi.ca,310
desmogblog.com,309
healthcarecommission.ca,309
vanaqua.org,308
spo.nos.noaa.gov,308
globalgreens.info,308
cfr.org,307
wildaboutgardening.org,307
climatecare.org,306
resisters.ca,306
carbonzero.ca,306
climatmundi.fr,306
torontofreepress.com,305
ecosuperior.org,305
freedominion.ca,305
shorl.com,305
alkalizeforhealth.net,305
isteve.com,305
mint.ca,305
powercorporation.com,305
theoccidentalquarterly.com,305
polemics.us,305
fathersforlife.org,305
fscoax.org,305
fuelfocus.nrcan.gc.ca,304
thirdway.org,304
senatehalloffame.ca,303
davideby.blogspot.com,302
minhkhai96.net,300
www2.artcenter.edu,300
radium.wustl.edu,300
wacphila.org,300
laphilstore.com,300
jacklondonsquare.com,300
chloroplast.cbio.psu.edu,300
biodivgrid.org,300
burnttoastvinyl.com,300
madnorski.org,300
money.canoe.ca,300
ical.be.no,300
indiana.edu,300
somewherein.net,300
ravicoltrane.com,300
sinc.sunysb.edu,300
pukemarock.be,300
thebowlstore.com,300
sensysnetworks.com,300
bluefin.cs.ucla.edu,300
legalforces.be,300
linformateurrdp.com,299
nohippos.com,299
support.netfirms.com,298
msnbc.msn.com,297
ghgprotocol.org,296
davidicke.com,292
sustainweb.org,292
climatecrisis.net,292
preview.tinyurl.com,291
stvforbc.com,291
ecolumber.ca,290
cosmopolitan.meetup.com,290
ambienteitalia.it,288
kyotoclub.org,288
matrika.it,288
aflcio.org,288
legambiente.com,288
frontenacnews.ca,287
localhost,287
righttowater.ca,287
tufts.edu,286
home.graffiti.net,286
canadaelection.net,285
ourart4u.com,284
66.51.112.68,284
captainsquartersblog.com,284
studentvotes.ca,284
westerncanadaparty.com,283
afp.google.com,283
climateark.org,281
happycow.net,280
ca.youtube.com,277
justice.gc.ca,277
mozilla.org,276
wvofuels.com,276
meganwalker.ca,275
paulitics.wordpress.com,275
unep.org,274
templemontreal.ca,273
ceedcentre.org,273
ctrchurch.com,273
riverinstitute.com,273
leonardodicaprio.org,273
myclimate.org,272
cleanair-coolplanet.org,270
unicef.ca,270
albertagreens.ca,268
magma.ca,268
durhamgreens.ca,267
cccf-fcsge.ca,266
cccski.com,266
integratethis.ca,266
quebec.sierraclub.ca,266
toronto_health.tripod.com,265
stoptilma.googlegroups.com,265
canadafreepress.com,264
myteeundercar.com,264
faq.acf.hhs.gov,264
story.malaysiasun.com,260
bfi.org,259
rhdsc.gc.ca,258
gogreen.com,258
communitypipe.org,258
alpineclubofcanada.ca,258
economicsforeveryone.ca,257
stopc51.com,257
maps.google.ca,257
thinktq.com,256
refugeecouncil.org.uk,256
ecobuddhist.blogspot.com,255
therecord.com,255
gardedenfants.ca,254
yorksouthwestongreens.ca,254
patriotist.com,252
bwdsb.on.ca,250
wiredforhealth.gov.uk,250
etfo.ca,250
helpingout.ca,250
fyrefly.ualberta.ca,250
vsb.bc.ca,250
armory.com,250
teachers.ab.ca,250
skillsoft.com,250
rev.gov.on.ca,248
pasunleader.ca,248
edu.gov.on.ca,248
communitywalk.com,248
canadagazette.gc.ca,248
fcpp.org,248
cosmeticdatabase.com,246
jlam.flora.ca,246
kospublishing.com,246
watch.ctv.ca,246
corporateknights.ca,246
thegreenguide.com,246
europa.eu.int,246
winnipegsun.com,245
sootoday.com,243
energy.gov.on.ca,242
residentialschoolsettlement.ca,242
upload.wikimedia.org,241
future.org,241
activistmagazine.com,241
justforhim.com,240
csama.org,240
powerofknowledge.net,240
macoffice.no,240
loconet.ca,240
minimalen.com,240
steinkjer-avisa.no,240
chemeng.uwaterloo.ca,240
ivs.no,240
winfamily.com,240
kongeliga.no,240
incent.no,240
cellvision.com,240
lauvtrebruk.no,240
icsitalia.org,240
etteroljen.no,240
italianostra-milano.it,240
web.ics.purdue.edu,240
peterboroughmoves.com,240
skeivungdom.no,240
elizabethmayinbelleville.com,238
zmag.org,238
clarion-journal.ca,238
math.ualberta.ca,237
nappc.org,236
netnewsledger.com,236
ag2008.partivert.ca,236
umanitoba.ca,235
marxists.org,235
extranet.cybergeneration.com,234
nnsl.com,234
ssrsb.ca,234
climatesolutions.org,233
greenparty.ns.ca,233
docs.info.apple.com,232
sdc.gc.ca,232
wordpress.org,232
hillerstudios.com,230
arlington-stingrays.org,230
mlpc.ca,229
democraticspace.com,229
bcseawalker.podbean.com,228
victims-of-trafficking.org,227
percyschmeiser.com,227
progressivebloggers.ca,227
globalresearch.ca,226
blakepoland.ca,225
100milediet.org,225
retrix.com,225
vegdining.com,224
reuters.com,224
news.yahoo.com,224
toscanaetica.it,224
archives.cbc.ca,223
cpac.ca,222
archive.pcma.org,222
globalforestwatch.ca,222
pcmag.com,222
mensnewsdaily.com,221
focusweb.org,221
iisd1.iisd.ca,220
oma.org,219
womensequality.ca,218
makepovertyhistory.ca,218
perfectworldproductions.com,217
acoa.ca,216
home.clc-ctc.ca,215
theTyee.ca,215
lancs.ac.uk,215
www2.phreak.co.uk,215
americas.org,214
speakeasy.org,214
wilsoncenter.org,214
psrast.org,214
foe.co.uk,214
consumersinternational.org,214
OrganicConsumers.org,214
corporateeurope.org,214
tni.org,214
investmentwatch.org,214
ddsindia.com,213
jian.ca,213
pei.cbc.ca,213
alberta.indymedia.org,213
genecampaign.org,213
mediatrust.org,213
troubledwater.org,213
cbsnews.com,213
ceocouncil.ca,213
finances.gouv.fr,213
tvac.ca,213
eomega.org,213
counterpunch.org,213
cielap.org,212
globalaware.org,212
karvonenfilms.com,212
oneworld.net,212
makingthelinksradio.ca,212
deconsumption.typepad.com,212
labornet.org,212
peaceinspace.com,212
nsnu.ns.ca,212
blogpoint.com,212
billmon.org,212
rigorousintuition.blogspot.com,212
iatp.org,212
informaction.org,212
abolitionnow.org,212
peopleforeducation.com,212
wdm.org.uk,212
redpepper.org.uk,212
rantburg.com,212
frontnb.ca,212
biodiv.org,212
smirkingchimp.com,212
coopradio.org,212
theecologist.org,212
PAWSCanada.ca,212
worldadvocacy.com,212
onegoodmove.org,212
mmp.org.nz,212
davidsuzuki.qc.ca,212
gascd.com,212
wired-vig.wired.com,212
cityrepair.ca,212
regjeringen.no,211
savethehighseas.org,210
topix.net,210
mandsstudiopa.com,210
egalitedesfemmes.ca,209
archive.ndp.ca,209
dent.canoe.ca,208
1adult-sex.com,208
energy.gov.ab.ca,208
greeningnipissing.org,207
goslingcommunity.org,206
decima.com,206
mikenagy.ca,205
unhcr.ch,204
climatebiz.com,204
usw.ca,203
town.midland.on.ca,202
whyreadthepaper.com,200
sustainablecommunities.fcm.ca,200
tacklingcrime.gc.ca,200
toronto.com,199
icrtourism.org,198
greenparty.mb.ca,198
gp-copyright.pbwiki.com,198
freewarejava.com,196
dsc.gc.ca,196
koolpages.com,195
recomnetwork.org,195
spp.gov,194
blogs.greenpeace.ca,194
ulookubook.com,194
sedo.com,193
cartercenter.org,192
theliberal.com,192
canwestglobal.com,190
teambc.ca,190
ericmargolis.com,188
abc.net.au,188
formrouter.com,188
reddotcampaign.ca,188
caledoninst.org,188
wnyc.org,188
cluecan.ca,187
google.ca,187
yorksimcoegreens.blogspot.com,186
filelodge.com,186
pac.dfo-mpo.gc.ca,185
community.canada.com,185
prayerbook.ca,182
cfib.ca,182
oddworldz.com,182
blip.tv,182
one.fsphost.com,182
terrapass.com,181
ameriprise.com,180
news.zdnet.com,180
sfu.ca,180
bobrae.ca,178
mapinc.org,177
fr.youtube.com,176
glhs.ca,176
unodc.org,176
globelink.ca,175
ndn.newsweek.com,175
liguedesdroits.ca,174
marketplace.chef2chef.net,174
republiquelibre.org,174
naho.ca,174
gdatp.com,174
mirror-guardian.com,172
michaelignatieff.ca,172
nrcan-rncan.gc.ca,172
goodsforgreens.com,172
rahimjaffer.com,172
mirsaya.com,171
yorkregion.com,171
cdmgoldstandard.org,171
carpool.ca,170
psend.com,169
stopdevilslake.com,168
vegguide.org,168
idea.int,168
ottawasouthgreens.ca,167
dmpibooks.com,166
landmines.org.uk,165
cupe.bc.ca,165
whistlerwatch.org,165
podcast.cbc.ca,163
acer-acre.org,162
bnp.org.uk,162
dec-ced.gc.ca,162
discovermoosejaw.com,162
civicspacelabs.org,162
customer.globeandmail.ca,162
greenland.ca,162
environment-agency.gov.uk,162
votelou.ca,161
pvgbw.org,160
evergreen.ca,160
leedsgrenvillegreens.ca,160
legit.ca,160
tre.it,160
canadiandimension.com,160
nude--nude.com,160
marketwire.com,159
core77.com,158
groups.google.ca,158
hedyfry.com,158
realaction.ca,158
ecosystemmarketplace.com,158
eco.ca,157
haitiaction.net,157
powow.com,156
sylviasanders.ca,156
kendryden.ca,155
crime-prevention.ca,154
ucla.facebook.com,154
actionworks.ca,153
thestrategiccounsel.com,153
sbr.gov.bc.ca,152
cowichannewsleader.com,152
claudegenest.com,152
zanzibarblue.com,150
webhosting.freedomsite.org,150
puebloairmotive.com,150
680news.com,150
devinjohnston.ca,149
oag-bvg.gc.ca,146
web.worldbank.org,146
slate.com,146
timkolmanlaw.com,146
snowskool.co.uk,146
holidayhypermarket.co.uk,146
otbeach.com,146
blog.myspace.com,145
news.sympatico.msn.ctv.ca,145
monarchist.ca,144
hostunlim.com,143
capebretonu.ca,143
connexions.org,143
fao.org,143
carolynbennett.ca,143
househunting.ca,143
friskygenie.com,142
gifttool.com,141
thesudburystar.com,141
kaotek.com,140
livingwork.ca,140
cfc-swc.gc.ca,139
spectrum.ieee.org,138
alternet.org,138
meetup.com,138
equalvoiceyouth.blogspot.com,136
cleanairradio.ca,136
abandonedstuff.com,136
foodandwaterwatch.org,136
free.fr,135
snovae.free.fr,135
airqualityontario.com,134
docudesk.com,134
eff.org,134
canadianchristianity.com,134
vote-green.ca,134
europeangreens.org,133
graphicallyspeaking.ca,133
cibcwm.com,132
agr.gc.ca,132
rhdcc.gc.ca,132
intltaxlaw.com,132
video.google.com,131
usa.gov,131
whitecrestonline.com,130
fax.web.net,130
ccwgroup.com,130
forests.org,130
ecoforestry.ca,129
nzes.org,128
pantyhose-sex-free-pictures.com,128
environment.independent.co.uk,128
xzone-radio.com,127
orangeroots.tripod.com,127
westernclimateinitiative.org,127
chextv.com,127
monbiot.com,126
corda.com,126
cagle.com,126
bcfacts.org,126
centreforenergy.com,126
scottdiatribe.gluemeat.com,124
vueweekly.com,124
siteinteractive.com,124
news.cgiscriptcenter.com,124
sciencenow.sciencemag.org,123
feedburner.com,123
m1.buysub.com,123
montreal2006.org,123
riversides.org,122
chvi-icvv.gc.ca,122
aclu.org,121
wellwise.ca,120
discorder.ca,120
guelphgreens.ca,120
classifieds.canada.com,120
karygiannismp.com,120
business.com,120
unseulmonde.ca,119
progressivecanadian.org,119
express.flickoff.org,118
mddep.gouv.qc.ca,117
policy,org.za,117
dcplanet.org,117
chemicalsubstanceschimiques.gc.ca,116
lotus.com,116
CanadianAlly.com,116
link.brightcove.com,116
robgordon.ca,115
cineclix.com,114
rebeccacoad.ca,113
carpooltool.com,113
virgin.kahovsky.com,112
lanuovaecologia.it,112
canadaonline.about.com,112
NA,112
clc-ctc.ca,112
greenbiz.com,112
terra10k.com,112
economist.co.uk,112
onedayvancouver.ca,112
action.web.ca,111
tokyopoliceclub.com,110
dominionpaper.ca,110
cjad.com,110
era.ca,109
canadiancerberus.blogspot.com,109
news.com.com,108
hfxnews.ca,108
iata.org,108
gauntlet.ucalgary.ca,108
newglasgownews.com,108
futureofthebook.org,108
ps-sp.gc.ca,108
citizenscentre.com,107
writersfestival.ca,107
vocm.com,107
cpaws.org,107
justiceforharkat.com,106
events.canada.com,106
straightgoods.ca,106
nhc.noaa.gov,106
statusreport.ca,105
nextwebhosting.com,105
aim.com,104
txt.ca,104
ncwcnbes.net,104
cosmeticsdatabase.com,104
savecourtchallenges.ca,104
brogo.yoll.net,103
cannabisculture.com,103
bccla.org,102
vac-acc.gc.ca,102
gnu.org,102
back-end.org,102
securecan.ca,102
about.aol.com,102
ziegler.ca,102
ficlets.com,102
sauvonslepcj.ca,101
avaaz.org,101
magturbine.com,101
blog.thesietch.org,100
boston.com,100
barrieadvance.com,100
vegetarian-restaurants.net,100
pgecorp.com,100
pic.geocities.com,100
carbonneutral.com,100
innisfiljournal.com,100
canadawantsthetruth911videos.blogspot.com,99
ourgreenbelt.ca,99
timesunion.com,99
francescoates.ca,99
cric.ca,99
argyll.epsb.ca,99
turnuptheheat.org,99
embassymag.ca,99
oxford-union.org,98
globeandmail.com.,98
politicswatch.com,98
newdemocratsonline.ca,98
dnscoop.com,97
huffingtonpost.com,97
dealchecker.co.uk,97
comtheatrebreaks.co.uk,97
beatthebrochure.com,97
claytoncramer.com,97
ancasternews.com,97
electionreform.meetup.com,96
plan.ca,96
nowtoronto.com,96
maurizio.ca,96
canadians4democracy.ca,96
cp.parl.gc.ca,96
portovert.com,96
canadians-cambridge.org,95
cagbc.org,94
trilateral.org,94
usembassycanada.gov,94
fixourhighways.ca,94
climate.org,94
cleanproduction.org,94
freecycle.org,93
mkruse.netexpress.net,92
antiwar.com,92
iimhl.com,92
yorku.ca,92
fairvote.ca.,92
channelnewsasia.com,92
mich.com,92
rgardner.com,91
journalmetro.com,91
worldbank.org,91
msplinks.com,91
oen.ca,90
safersociety.org,90
dev6.greenparty.ca,90
news1130.com,90
570news.com,90
stateofthesalmon.org,90
waterinthecityvictoria.ca,89
ubcpress.ca,88
businessweek.com,88
halifaxpride.org,88
powerwise.ca,88
cjobstreamlive.fsfrhosting.com,87
canadawantsthetruth911relatedvideos.blogspot.com,87
independent.co.uk,87
torontoalliance.ca,86
lanarkhighlands.ca,86
sovereignty.org.uk,86
worldfreeinternet.net,86
cdhowe.org,86
nl1941.policyalternatives.org,85
sustainabletravelinternational.org,84
freewebs.com,84
safeclimate.net,84
energyhawk.com,84
lethbridgeherald.com,84
207.250.176.232,84
fvc_cs.openconcept.ca,84
farnwide.blogspot.com,83
environmentalgraffiti.com,82
ebr.gov.on.ca,82
democrat.ca,82
VofA.ca,82
pridelondon.ca,82
portnelsonunitedchurch.com,81
fntg.org,81
ccp.ca,81
acdi-cida.gc.ca,81
davidc.ca,81
mce.gouv.qc.ca,80
geo.yahoo.com,80
iht.com,80
economist.com,80
black.kahovsky.com,80
stevenfletcher.com,80
ai-lgbt.org,80
media.greenparty.ca,80
vegetariantimes.com,80
morsbags.com,80
pornhome.com,80
avantipics.com,80
lesbian.kahovsky.com,80
cartoon.kahovsky.com,80
canada.com.dose.ca,79
adoption.ca,79
bcfarmersmarket.org,79
bclocalnews.com,79
infopop.com,78
saltspringseeds.com,78
muskokaheritage.org,78
mininova.org,78
pncimawatch.ca,78
somethingcool.ca,78
iapr.ca,78
mkbraaten.blogspot.com,77
ontla.on.ca,77
cardinalgolfclub.com,77
realclimate.org,76
pyg.keonox.com,76
topica.com,76
cooperativeauto.net,76
prideedmonton.org,76
northernlife.ca,76
defenselink.mil,76
buy.entrust.net,75
waterkeeper.ca,75
canadianclub.org,75
environmentnorth.ca,75
girc.org,75
maweb.org,75
reginaecoliving.ca,75
fernwoodneighbourhood.ca,75
paanl.org,75
zeitgeistmovie.com,75
manitobawildlands.org,75
wpirg.org,75
sossite.org,75
pco-bcp.gc.ca,75
wilmotuc.nb.ca,75
trusu.ca,75
civilization.ca,75
citizensenvironmentalliance.org,75
saveourborealbirds.org,74
rss.cbc.ca,74
victoriapride.com,74
storywordspics.blogspot.com,74
farmersmarketsontario.com,74
peterborough-kawarthas.org,73
iqc.ca,72
ccpa.pencilneckclients.com,72
seeds.ca,72
galeon.com,72
sev.prnewswire.com,72
srpska-mreza.com,72
urlkick.com,72
westernstandard.ca,72
snipurl.com,72
vicnews.com,72
ilga.org,72
hier.is,72
nationmaster.com,72
peterjulian.ca,71
blackrod.blogspot.com,71
smalldeadanimals.com,71
saveourdemocracy.meetup.com,70
thinktwicecanada.ca,70
benkler.org,70
city.toronto.on.ca,70
productcare.org,70
ardd.qc.ca,69
sfblogg.com,68
oascentral.register.com,68
carbonneutralnewcastle.com,68
smr.newswire.ca,68
seashepherd.org,68
register.com,68
en.michaelignatieff.ca,68
zerofootprint.net,68
help.youtube.com,67
green.ca,67
leg.bc.ca,67
ecobusinesslinks.com,67
blairwilson.ca,67
carbontrust.co.uk,66
council-of-canadians.c.topica.com,66
www2.blogger.com,66
openingthebook.co.uk,66
nellyfurtado.com,65
telegraph.co.uk,65
sciencedaily.com,65
appointments-nominations.gc.ca,65
planetinfocus.org,65
suv.org,64
sleazy-pics.com,64
rodd-hotels.ca,64
communicopia.bc.ca,64
climate.wri.org,64
mature.kahovsky.com,64
hww.ca,64
hardcore.elitecities.com,64
grandi.ca,64
nahanni.com,64
canada-afghanistan.gc.ca,64
emocracia.no.sapo.pt,64
foot.kahovsky.com,64
itn.co.uk,64
www3.islandtelecom.com,64
citygardenspei.com,64
podcastingnews.com,64
righteousbabe.com,64
caiti.info,64
c-ciarn.ca,64
pregnant.kahovsky.com,64
dawnblack.ca,64
plone.org,64
atl.ec.gc.ca,64
livableregion.ca,64
codex.wordpress.org,64
powerauthority.on.ca,64
peakoil.blogspot.com,64
onenw.org,64
sexjur.com,64
climnet.org,64
heatisonline.org,64
nanoref.com,63
2site.com,63
guest.cvent.com,63
1url.org,63
search.ndp.ca,63
ca.geocities.com,63
url.vg,63
urlbee.com,63
ufcw.ca,63
store.tacsurv.com,63
tinyurl.com.au,63
pccml.ca,63
yourfreebb.de,63
ottsun.canoe.ca,63
vancity.com,63
hyperlink.ca,63
fes.uwaterloo.ca,62
greenlivingonline.com,62
guelphndp.ca,62
vcn.bc.ca,61
focal.ca,61
nsidc.org,60
hybridcars.com,60
hotelassociation.ca,60
ffcf.bc.ca,60
foodshare.net,60
greenontario.org,60
cwwa.ca,60
ie.uottawa.ca,60
acia.uaf.edu,60
eci.ox.ac.uk,60
exxonsecrets.org,60
grida.no,60
cbd.int,60
atn-riae.agr.ca,60
borealcanada.ca,60
fishclimate.ca,60
apps.facebook.com,60
stanleyparkecology.ca,60
pc.gc.ca,60
cityfarmer.org,60
sprawl-busters.com,60
web.archive.org,60
oregoncc.org,60
ens-newswire.com,60
earthobservatory.nasa.gov,60
ontarionature.org,60
davosclimatealliance.org,60
ca.dir.yahoo.com,60
fairmont.com,60
onelesstonne.ca,60
royalsoc.org,60
transfair.ca,60
bicyclinginfo.org,60
uga.edu,60
meltingmountains.org,60
content.calgary.ca,60
conservation.org,60
aceee.org,60
smartgrowth.org,60
royalsociety.org,60
sinkswatch.org,60
canren.gc.ca,60
adaptation.nrcan.gc.ca,60
membercentre.cbc.ca,60
peoplesvoice.ca,60
policyalternatives.catarget=newwindow,60
admission.com,60
whywork.org,60
cos-soc.gc.ca,60
carsharing.net,60
h2ouse.org,60
secure.therecord.com,60
northumberlandtoday.com,60
calgary-convention.com,60
cep.catarget=newwindow,60
ap.google.com,60
search.cnn.com,60
markham.ca,60
slideshare.net,60
fair.org,60
epicurious.com,60
womenvote.ca,60
enn.com,60
homeenergy.org,60
theknot.com,60
planetark.com,60
waltonfeed.com,60
hydro.mb.ca,60
greenpartyhamilton.ca,58
institutions-democratiques.gouv.qc.ca,58
rickhansen.com,58
theholmteam.ca,58
climateactionsecretariat.gov.bc.ca,57
blog.terrachoice.com,57
pairo.org,57
earthhour.org,56
j-q.com,56
carboncatalog.org,56
cleanairchampions.ca,56
sharedparenting.net,56
defra.gov.uk,56
technorati.com,55
groups.google.com,55
ocfp.on.ca,55
urlbounce.com,54
sharkeysrestaurants.com,54
board-4you.de,54
blogs.cjb.net,54
citizensassembly.bc.ca,54
atk.jp,54
compliance-seminars.com,54
ijdh.org,54
urlcut.com,54
jeeee.net,54
32url.com,54
electionkebab.blogspot.com,53
ryanleech.com,52
assessmentspecialists.com,52
fmla2ndopinion.com,52
condorcet.org,52
latino.myspace.com,52
ncgreens.ca,52
drugpolicy.org,51
adilinfo.org,51
ga-asi.com,51
partiverthullaylmer.org,51
dennisbevington.ndp.ca,50
judywasylycialeis.cand.ndp.ca,50
waynemarston.cand.ndp.ca,50
jeancrowder.ndp.ca,50
jacklayton.ndp.ca,50
chrischarlton.cand.ndp.ca,50
oliviachow.ndp.ca,50
projectionsinc.com,50
davidchristopherson.cand.ndp.ca,50
irenemathyssen.cand.ndp.ca,50
yvongodin.npd.ca,50
thomasmulcair.npd.ca,50
drugnewswire.com,50
ca.geocities.yahoo.com,50
faxrecoverysystems.com,50
owjn.org,50
charlieangus.ndp.ca,50
alexatamanenko.cand.ndp.ca,50
catherinebell.cand.ndp.ca,50
donvalleygreen.ca,50
billsiksay.ndp.ca,50
joecomartin.cand.ndp.ca,50
citizendemocracy.meetup.com,50
tonymartin.ndp.ca,50
nathancullen.ndp.ca,50
canadawebpages.com,50
patmartin.cand.ndp.ca,50
brianmasse.cand.ndp.ca,50
christianministries.ca,50
peggynash.ndp.ca,50
peterstoffer.ndp.ca,50
peterjulian.cand.ndp.ca,50
denisesavoie.cand.ndp.ca,50
dawnblack.ndp.ca,50
pauldewar.ndp.ca,50
libbydavies.ndp.ca,50
members.shaw.ca,49
firstchoicevacationhomes.com,49
asian.kahovsky.com,48
wheels.ca,48
democratie-nouvelle.qc.ca,48
atmosfair.de,48
cban.ca,48
boy.kahovsky.com,48
zwire.com,48
gay-sex.beast-sex.ws,48
expressparole.com,48
ghs.com,48
fetish.erosway.com,48
brightcove.com,48
challenge.davidsuzuki.org,48
djfuck.net,48
advanceconsulting.com,48
sustainabilityadvantage.com,48
gvrd.bc.ca,48
danforthgreens.ca,48
washingtonpost.com,48
naturewatch.ca,48
douglas.ndp.ca,48
fairvotecanada.org.,48
weblogs.macleans.ca,48
dranoffhuddart.com,48
climatefriendly.com,48
video.msn.com,48
plymedia.com,48
teen.elitecities.com,48
rape.kahovsky.com,48
democratisonslesdebats.ca,47
ece.ualberta.ca,46
votefortomorrow.ca,46
wwp.mirabilis.com,46
jessieklassen.ca,46
kingstongreens.ca,46
widgetblog.aol.com,45
hotsearches.aol.com,45
lycos.fr,45
problogger.net,45
popurls.com,45
searchblog.aol.com,45
paidcontent.org,45
mediabistro.com,45
portstanleynews.com,45
fark.com,45
metafilter.com,45
valleywag.com,45
netscape.com,45
comicsalliance.com,45
help.channels.aol.com,45
aolvideoblog.com,45
boingboing.net,45
adamsaab.ca,45
circavie.com,45
design.aim.com,45
developer.aim.com,45
animalhubbub.com,45
queersighted.com,45
portalblog.aol.com,45
unitedforpink.com,45
ted.aol.com,45
macblog.aol.com,45
myaolblog.aol.com,45
aimforgood.com,45
peopleconnection.aol.com,45
techcrunch.com,45
demochoice.ca,44
driveit.clickspace.com,44
cansim2.statcan.ca,44
preferentialballotparty.org,44
phobos.apple.com,44
estrie.partivert.ca,44
lcc.gc.ca,44
watershed-watch.org,44
tbs-sct.gc.ca,44
addictionsite.com,44
herald.ca,43
greenparty.bc.ca,43
amherstdaily.com,43
myjourneywithaids.wordpress.com,43
goldenplanners.com,43
theoildrum.com,42
members.greenparty.ca,42
my.msn.com,42
cnet.conservative.ca,42
robtv.com,42
vtpi.org,42
ndia.org,42
elbitsystems.com,42
learntofirewalk.com,42
leedsmet.ac.uk,42
finereader.abbyy.com,42
spip.net,42
promote.opera.com,42
backbonemag.com,42
cosewic.gc.ca,42
quartierlibre.ca,42
marshallsmith.ca,42
add.my.yahoo.com,42
xn--stphanedion-cbb.ca,42
cancer.ca,42
kurtandersen.com,42
hri.ca,42
drugtext.org,42
biodiversitybc.org,42
MarieMartineBedard.ca,42
greenideasnetwork.org,41
surreygreens.org,41
greenpartysask.ca,41
okshuswapgreens.ca,41
orgreens.ca,41
QueenOfGreen.ca,41
aceproject.org,40
pei.liberal.ca,40
ccarts.ca,40
vanpride.bc.ca,40
fvc.emmett.ca,40
myspace.coolfetti.com,40
independent-panel-independant.ca,40
dev.greenparty.ca,40
feed.insnews.org,40
voteforachange.ca,40
election2004.communist-party.ca,40
lists.electorama.com,40
edmontongreens.ca,39
CanadianEqualParentingGroups.ca,39
generaldynamics.com,39
fairvoteontario.eventbrite.com,39
sun.com,39
cjc-law.com,38
portal.est.org.uk,38
rmi.org,38
ndparking.de,38
ujjaldosanjh.ca,38
blueavocado.org,38
stephenowen.ca,38
cafecampus.com,38
keithmartin.org,38
epdf2008.com,38
davidandersonmp.com,38
greens.org.au,38
donbell.ca,38
updates.zdnet.com,38
raymondchan.ca,38
davidemerson.ca,38
bryonwilfert.ca,37
northshoregreens.ca,37
buildingworldpeace.com,37
londonwest.ca,37
tourismcalgary-digital.com,37
mcteague.ca,37
oceansidecoalition.org,37
aileencarroll.parl.gc.ca,37
jcdamours.ca,37
colleenbeaumier.com,37
andrewlewis.ca,37
andyscott.ca,37
mikesavage.parl.gc.ca,37
psteckle.com,37
brison.ca,37
paulzed.com,37
susankadis.ca,36
dianemarleau.com,36
maps.google.com,36
lastewka.ca,36
marcpayette.ca,36
pauldevillers.ca,36
reelecttomwappel.ca,36
joefontana.ca,36
voterosemarieur.ca,36
egmontliberals.com,36
mauriziobevilacqua.ca,36
votevalley.ca,36
sentex.net,36
voteanitaneville.mb.ca,36
newyorkerstore.com,36
lawrencemacaulay.ca,36
navdeepbains.ca,36
larrybagnell.ca,36
karenredman.ca,36
paddytorsney.ca,36
marlenecatterall.ca,36
votealbina.com,36
shawnmurphymp.ca,36
psyccareers.com,36
roycullen.com,36
petermilliken.com,36
wayneeaster2004.ca,36
tonyvaleri.com,36
andymitchell.ca,36
francoiseboivin.com,36
globalgreens.org,36
paulszabo.com,36
wajidkhan.ca,36
myblahg.com,36
paulmacklin.com,36
westvancouver.com,36
votezsansoucy.com,36
Reg-Alcock.ca,36
frommybottomstep.wordpress.com,36
annemclellan.ca,36
occ.on.ca,36
joevolpe.com,36
weconserve.ca,36
votelynnmyers.ca,36
cpcimmigration.ca,36
recherche.lycos.fr,36
johngodfrey.on.ca,36
electborys.com,36
raymondsimard.parl.gc.ca,36
voteforenvironment.ca,36
garycarr.ca,36
greenmeetings.info,36
belinda.ca,36
conservationbureau.on.ca,36
RogerGallaway.com,36
thegallopingbeaver.blogspot.com,36
sarmitebulte.parl.gc.ca,36
francisscarpaleggia.parl.gc.ca,36
germanwatch.org,36
scottsimms.com,35
markeyking.ca,35
jimpeterson.ca,35
younggreensofwindsor.blogspot.com,35
yasminratansi.com,35
ralphgoodale.ca,35
northislandgreens.ca,35
votepickard.com,35
billgraham.ca,35
mariaminna.com,35
bonniebrown.org,35
judilongfield.com,35
telegdi.org,35
johnmccallum.ca,35
sherwoodpark.greenparty.ca,35
anthonyrota.ca,35
mauril.ca,35
londonwestgreenparty.ca,35
tonyianno.ca,35
jimkarygiannis.com,35
kenboshcoff.ca,35
reelectdereklee.com,35
ethelblondinandrew.parl.gc.ca,35
alantonks.com,35
electpeteradams.ca,35
oilendgame.com,34
nanaimo-albernigreens.ca,34
jenantony.ca,34
bobdeptuck.ca,34
atirtf-geai.gc.ca,34
georgewooldridge.ca,34
designnine.com,34
web.mit.edu,34
lifewithoutplastic.com,34
bedsandbreakfasts.ca,34
sustainableprosperity.ca,34
dingo.care-mail.com,34
thingsaregood.com,34
votechristinaknighton.ca,34
catjo.blogspot.com,34
hisside.com,34
cfcgreens.ca,34
votemarando.ca,34
thevenusproject.com,34
mathworld.wolfram.com,34
getphonetones.com,34
dailygalaxy.com,34
barriegreens.ca,34
adrianmolder.ca,34
rawlco.com,33
cbc.radio-canada.ca,33
630ched.com,33
jpducasse.ca,33
amberjones.ca,33
nqwgreens.ca,33
greenlangley.ca,33
animalporn.freesex-picture.com,32
celebrity.kahovsky.com,32
dadsgangbang.com,32
parkplaza.com,32
sarnialambtongreens.ca,32
inprinting.it,32
stophitting.org,32
bondage.erosway.com,32
yorkwestgreens.ca,32
brendanhughes.ca,32
frederictongreenparty.ca,32
amateur.kahovsky.com,32
votecanadave.com,32
electellen.ca,32
teen.kahovsky.com,32
donaldstreet.wordpress.com,32
mature-sex-fantasy.com,32
yorksimcoegreenparty.com,32
mtv.it,32
momshunters.kahovsky.com,32
blowjob.kahovsky.com,32
ecomondo.it,32
news.com.au,32
chrishrynkow.ca,32
mississaugasouthgreenparty.ca,32
douganderson.greenparty.ca,32
moremilfs.kahovsky.com,32
mararrar.lol,32
gay.kahovsky.com,32
pets.animal-sex-pictures.org,32
hardcore.kahovsky.com,32
raped.dynup.net,32
bigtits.kahovsky.com,32
greenvaughan.com,32
gangbang.kahovsky.com,32
indian-sex.beast-sex.ws,32
graceyogaretnam.ca,32
deflorationga28.selectedsex.com,32
peopleandtheplanet.ca,32
votefrei.ca,32
tdsmith.ca,31
votetaylor.ca,31
community.nytimes.com,31
csmonitor.com,31
oakvillegreenparty.ca,31
angusreidstrategies.com,31
kropf.ca,31
newmarketauroragreens.ca,31
jimbobbysez.blogspot.com,30
xhttp.net,30
forestnewswatch.com,30
azcentral.com,30
e-activist.com,30
andrewcoyne.com,30
gordonreid.netfirms.com,30
bismarcktribune.com,30
cio-dpi.gc.ca,30
gaycanada.com,30
niagaragreenparty.ca,30
thetandd.com,30
ps3forums.com,30
typefi.com,30
burlington-greens.org,30
oakville.ca,30
ptbogreens.org,30
perthwellingtongreens.ca,30
icq.com,30
php.net,30
manoussi.ca,29
billclary.ca,29
richardheinberg.com,29
deseretnews.com,29
votezpourlavenir.ca,29
francoisboucher.fr.gd,29
richardpietro.ca,29
wildrosegreens.org,29
haltongreens.ca,29
socialwatch.org,29
www-wds.worldbank.org,29
canadianvoices.org,28
iamaw.ca,28
democratie-nouvelle.qc.ca.,28
comcast.net,28
ilwu.ca,28
home.comcast.net,28
greenpartyreview.ca,28
chihuahuavote.com,28
angelfire.com,28
nrcan.gc.ca,28
mcspotlight.org,28
gojotv.com,28
tscmvideo.com,28
votecathy.ca,28
ourgreenparty.com,28
co2balance.com,28
greenhosting.org,28
seiu.org,28
falsecreekwatershed.org,28
leducrep.com,28
ibew258.bc.ca,28
bcfed.com,28
fromthewilderness.com,28
stats.cbc.ca,27
showcase.ca,27
ottawagreens.ca.,27
ar.atwola.com,27
ecdev.gov.bc.ca,27
gold.globeinvestor.com,27
davenportgpc.com,27
ca.news.yahoo.com,27
greencambridge.ca,26
smu.ca,26
jakecole.ca,26
ckegreens.ca,26
suda.co.uk,26
interpride.org,26
stockgroup.canada.com,26
colorv.com,26
shavluk.com,26
vids.myspace.com,26
netfemmes.cdeacf.ca,26
softchoice.com,26
mackinac.org,26
fathermag.com,26
randboro.blogspot.com,26
blogs.zdnet.com,26
sec.oise.utoronto.ca,26
bcn.boulder.co.us,26
lowincomeenergy.ca,26
stmarys.ca,26
parkdalehighparkgreens.ca,26
whywind.org,26
sarboxpro.com,26
bourque.org,26
dondavies.ndp.ca,25
owensoundsuntimes.com,25
greenbeaches.greenparty.ca,25
wayneclements.ca,25
personals.canada.com,25
paulmartintime.ca,25
alternatives.ca,25
votenoel.ca,25
nigelbarriffe.com,25
mediawiki.org,25
etobicokelakeshoregreens.ca,25
jimmaloway.ndp.ca,25
harilaid.ca,25
energy.dal.ca,24
queerkootenays.com,24
radisson.com,24
cknw.com,24
dickhibma.ca,24
bullfrogfilms.com,24
mysteriesofcanada.com,24
picasaweb.google.com,24
citizensassembly.bc.ca.,24
mediameriquat.com,24
rbc.com,24
maldonado-group.com,24
ad.doubleclick.net,24
rcmp-grc.gc.ca,24
floridadep.org,24
driving.canada.com,24
hebdos.net,24
photobucket.com,24
schoolnet.ca,24
internationalplazatoronto.doubletree.com,24
my-climate.com,24
livclean.ca,24
canurb.com,24
greenseal.org,24
aftrk.com,23
voteaugustine.com,23
business.guardian.co.uk,23
geoffregan.ca,23
gateway.ualberta.ca,23
odspaction.ca,23
do-your-taxes-online.com,23
media.www.mcgilltribune.com,23
nakedapeparty.com,22
mikegildersleeve.blogspot.com,22
pickensplan.com,22
pewclimate.org,22
hubbertpeak.com,22
globecampus.ca,22
norbertkratchmer.ca,22
vws1.magma.ca,22
laliberation.org,22
pmrc.com,22
communityearthworks.com,22
us.lrd.yahoo.com,22
afghanistan.gc.ca,22
douglaschristie.com,22
expenditurereview-examendesdepenses.gc.ca,22
chanvre-info.ch,22
hitsongtones.com,22
natalieodd.ca,21
rifondazione.it,21
izquierda-unida.es,21
help.yahoo.com,21
apathyisboring.com,21
randyweeks.ca,21
opendemocracy.net,21
howdtheyvote.ca,21
ipsnews.net,21
cv.11.forumer.com,21
ourworld.compuserve.com,21
buzz.yahoo.com,21
economics.uwaterloo.ca,21
pvoice.communist-party.ca,21
spark.communist-party.ca,21
telus.net,21
pst.ch,21
nunavut.mjparty.ca,21
ottawacentre.org,21
pds-online.de,21
search.yahoo.com,21
blogscanada.ca,21
vide.lv,21
vansterpartiet.se,21
gomery.ca,21
websbyu.com,21
privacy.yahoo.com,21
ncf.davintech.ca,21
democratisch-links.be,21
gordonharris.ca,20
releases.usnewswire.com,20
contracostatimes.com,20
pagead2.googlesyndication.com,20
kongreen.ca,20
park3.ireit.com,20
abbyy.com,20
thestate.com,20
equalvoiceinpolitics.ca,20
southernillinoisan.com,20
myrtlebeachonline.com,20
fcnp.com,20
voteenvironment2008.ca,20
chronicle.augusta.com,20
imrepallagi.ca,20
bbc.co.uk,19
redcross.ca,19
fv911truth.org,19
election.twitter.com,19
green-ssw.ca,19
sunday.niedziela.pl,19
shawnmurphy.ca,18
home.lycos.fr,18
review.zdnet.com,18
time-blog.com,18
harrisdecima.com,18
hebergement.lycos.fr,18
smartvote2008.ca,17
topics.nytimes.com,17
www-comm.pac.dfo-mpo.gc.ca,17
help.register.com,17
news.mongabay.com,17
yukongreen.ca,17
rockymountainnews.com,17
mmegi.bw,17
marketplace.dnscoop.com,17
emofree.com,17
snapnames.com,17
marijuanamilitia.com,17
jeffbrownridge.ca,17
health.gov.on.ca,17
www3.thestar.com,17
dougperry.name,17
nature.com,17
ecolibris.net,17
ideas.repec.org,17
dd-rd.ca,17
pacificfreepress.com,17
lensawatskygreenparty.ca,16
www2.canoe.com,16
formrouter.net,16
nlgreens.ca,16
sherwoodparknews.com,16
healthyenvironmentforkids.ca,16
norml.org,16
scaredsacred.org,16
newscientisttech.com,16
mariolaframboise.qc.ca,16
mondoeco.eu,16
paulinepicard.com,16
usdoj.gov,16
fiiq.qc.ca,16
business.theglobeandmail.com,16
sasksciencecentre.com,16
gillesaperron.org,16
bernardbigras.qc.ca,16
moniqueguay.qc.ca,16
medicalmarihuana.ca,16
drug-online.petrovka.info,16
teatrofestivalitalia.it,16
xledizioni.com,16
perc.ca,16
partivert.org,16
cec.chebucto.org,15
thoughtware.tv,15
midlandfreepress.com,15
reyouzd.com,15
thelink.concordia.ca,15
mlb.mlb.com,15
greens.org.nz,15
911blogger.com,15
globaltech.ca,15
ebay.com,15
cfdp.ca,15
6v8.gamboni.org,15
capitalnews9.com,15
elections.org.nz,15
localtechwire.com,15
hop.clickbank.net,15
businessedge.ca,15
parentcentral.ca,15
electJIM.ca,15
borealbirds.org,15
pages.ebay.com,15
irishexaminer.com,15
unu.edu,15
perceptiveart.com,15
adlog.com.com,15
healthzone.ca,15
druglibrary.org,15
aamdc.com,15
caribouandyou.ca,15
ottawaxpress.ca,15
herenb.com,15
canwea.ca,15
salsa.democracyinaction.org,15
yourhome.ca,14
wfdy.org,14
live.everyonecounts.com,14
geoffregan.com,14
stud.uni-hannover.de,14
nwtndp.com,14
upmc-biosecurity.org,14
halifaxsymposium.ca,14
ropercenter.uconn.edu,14
alternativesjournal.ca,14
gwndp.com,14
novanewsnow.com,14
youngliberals.ca,14
pcc.es,14
mckeever.com,14
oliviachow.ca,14
fwr.on.ca,14
rednet.org,14
termlife-insurance.tripod.com,14
216.187.72.70,14
home.ica.net,14
effetsverts.myshopify.com,14
anc.org.za,14
andreahorwath.com,14
equalvoiceinpolitics.ca.,14
ndplondonfanshawe.ca,14
ovndp.ca,14
mb.ndp.ca,14
fpdownload.macromedia.com,14
jeunesse.partivert.ca,14
thestar.blogs.com,14
taxpayer.com,14
phx.corporate-ir.net,14
brantndp.ca,14
wilfreddaylawoffice.com,14
forosaopaulo.org,14
gg.ca,14
windsorwestndp.ca,14
minister.pch.gc.ca,14
greentrain.ca,14
ecospherics.net,14
peterboroughndp.ca,14
ontariondp.on.ca,14
beyndp.ca,14
jamagination.no-ip.com,14
renfrewndp.ca,14
mun.ca,14
naturebag.ca,14
sswndp.com,14
ndp.commplus.net,14
truthout.org,14
spliffsport.com,14
interlog.com,14
earthcharter.org,14
chp.skeenabulkley.ca,14
nickelbeltndp.on.ca,14
voteinformed.ca,14
democracyinaction.org,14
forumpp.ca,14
saskndp.com,14
us.geocities.yahoo.com,14
technology.newscientist.com,14
download.macromedia.com,14
ladygodivas.ca,14
kpid.dk,14
banov.com,14
space.newscientist.com,14
harperindex.ca,13
electgreen.ca,13
elgreens.ca,13
greeninc.blogs.nytimes.com,13
ad.ca.doubleclick.net,13
sports.theglobeandmail.com,13
navy.forces.gc.ca,12
paypal.com,12
punditsguide.ca,12
whitepapers.zdnet.com,12
akss.dau.mil,12
ecobio.ca,12
abqjournal.com,12
cleanairfoundation.org,12
fusion.google.com,12
oshawagreens.ca,12
walk21.com,12
developpeur.journaldunet.com,12
ahahome.com,12
recherche-search.gc.ca,12
valeriepowell.ca,12
media.therecord.com,12
gats-info.eu.int,12
houseandhome.msn.com,12
weather.gov,12
new.petitiononline.com,12
catalystwomen.org,12
icl.org,12
topics.cnn.com,12
leeric.lsu.edu,12
habitatmedia.org,12
focus-fen.net,12
chumlimited.com,12
voteesposito.blogspot.com,12
cvj-yvc.org,12
waysandmeans.house.gov,12
sustainablebuildingcentre.com,12
rainyriverrecord.com,12
media.fastclick.net,12
collections.ic.gc.ca,12
ostg.com,12
markpajot.com,12
everdale.org,12
services.lycos.fr,12
webmaster.lycos.fr,12
secure.e2rm.com,12
ccnm-mothers.ca,12
bnrc.ca,12
heaven-words.com,12
on.ec.gc.ca,11
cap-quebec.com,11
greenshore.org,11
downloads.zdnet.com,11
election.cupe.ca,11
planetvote.net,11
reunification.ca,11
greenercars.com,11
fmc-law.com,11
waterfootprint.org,11
faq.myspace.com,11
dwaynemaceachern.ca,11
uswa.ca,11
criaw-icref.ca,11
diversewomen.com,11
pgs.ca,11
solidaritesante.qc.ca,11
en.thinkexist.com,11
globeauto.com,11
actra.ca,11
ontariohealthcoalition.ca,11
advertise.myspace.com,11
betterchoice.ca,11
cybersolidaires.org,11
dose.ca,11
redtory.blogspot.com,11
johnmiedema.ca,11
query.nytimes.com,11
thestar.workopolis.com,11
voteeducation.ca,11
omniture.com,11
globeandmail.com,11
caut.ca,11
signup.myspace.com,11
compost.org,11
toronto.ourfaves.com,11
cpj.ca,11
shnool.lamtec.com,11
ns-medicare.tripod.com,11
dwatch.ca,11
robertoconnor.ca,11
provincialseparatism.blogspot.com,11
darrylwhetter.greenparty.ca,11
